{
  "content":"<h1>Next Service In queue</h1><p>lorem ipsum copy in various charsets and languages for layouts.lorem ipsum copy in various charsets and languages for layouts.lorem ipsum copy in various charsets and languages for layouts.</p>",
  "subblocks":{
      "Section1":{
        "label":"Section1",
        "data":"<h1>Section 1sadsdasda</h2>"
      },
      "Section2":{
        "label":"Section2",
        "data":"<h1>Section 2sadsdasda</h2>"
      },
      "Section3":{
        "label":"Section3",
        "data":"<h1>Section 2sadsdasda</h2>"
      }
    }
  }
